Column,Group,Model,R_squared,Sample_Count,Mean,Std,Median,P5,P95,β_(shape),η_(scale)
IDSS1,GroupA,Weibull,0.984668,40,29.2994,32.1546,16.5774,2.78855,92.4291,0.897783,27.2758
IDSS1,GroupB,Weibull,0.987942,40,73.3479,75.9287,49.7367,5.8819,196.466,0.839364,71.9901
IDSS1,GroupC,Weibull,0.968528,40,77.9331,103.099,36.1989,5.17307,303.784,0.813922,57.5476
IDSS1,GroupD,Weibull,0.993317,40,53.753,94.5226,24.3605,1.95859,183.916,0.749762,38.0201
IDSS1,GroupE,Weibull,0.991514,40,49.3516,62.8105,29.5609,0.88749,133.137,0.687836,44.5322
